Brand Name,Name of the Product,Price,Return/Exchange,Expected Delivery,Availability,Product URL
Visit the Kadence Store,"Kadence rosewood Guitar Frontier Series, Electric Acoustic Black Guitar With EQ, Die Cast Keys, Set Of Strings, Strap, Picks And Bag (Black EQ, Electric Acoustic)","₹4,999",7 days Replacement,"Wednesday, 6 September",In stock,-
Visit the Kadence Store,"Kadence Slowhand Premium Jumbo Semi Acoustic Guitar with Heavy Padded Bag, guitar cable, Pro Capo (Black Spruce Wood)","₹11,999",7 days Replacement,"Wednesday, 6 September",In stock,-
Visit the Kadence Store,"Kadence A281 Professional Acoustic Rosewood guitar (Natural, Beige)","₹6,499",7 days Replacement,"Wednesday, 6 September",In stock,-
Visit the Kadence Store,Kadence A281BK Professional Acoustic Rosewood Guitar (Black),"₹6,599",7 days Replacement,"Wednesday, 6 September",In stock,-
,"Juârez Acoustic Guitar, 38 Inch Cutaway, 038C with Bag, Strings, Pick and Strap, Black","₹1,999",7 days Replacement,"Tuesday, 5 September",In stock,-
Visit the YAMAHA Store,"Yamaha F280 Acoustic Rosewood Guitar (Natural, Beige)","₹7,399",7 days Replacement,"Tuesday, 5 September",In stock,-
Visit the Intern Store,"Intern INT-38C Right hand Acoustic Guitar Kit, With Bag, Strings, Pick And Strap, Black, small","₹1,899",7 days Replacement,"Tuesday, 5 September",In stock,-
,"Kadence Guitar Acoustica Series, Electric Acoustic Guitar, Ash Wood with Pickup and Inbuilt tuner (Ash Wood, Electro Acoustic) with bag.","₹6,999",7 days Replacement,"Wednesday, 6 September",In stock,-
,Revel 38 Inches Lindenwood Cutaway Design Acoustic Guitar With Carry Bag And Plectrums. (sunburst),"₹2,049",7 days Replacement,"Tuesday, 5 September",In stock,-
,"Henrix 38C 38 Inch Cutaway Acoustic Guitar With Dual Action Truss Rod, Gigbag, Picks, String Set, String Winder, Strap, Polishing Cloth & Ebook - Black","₹2,999",7 days Replacement,"Tuesday, 5 September",In stock,-
,Intern 38C Ebony Wood Cutaway Design Acoustic Guitar with Picks And Carry Bag (Black),"₹2,089",7 days Replacement,"Tuesday, 5 September",In stock,-
,"Kadence Frontier guitar with Online Guitar learning course , Wine Red Acoustic Guitar with Die Cast Keys, Set of Strings, Strap, Picks and Bag (Wine Red, Acoustic)","₹4,999",7 days Replacement,"Tuesday, 5 September",In stock,-
,"Intern 38C Acoustic Steel-string Guitar Premium White Cutaway Design with carry bag, strings, guitar strap and plectrums (INT-38C-WH)","₹2,149",7 days Replacement,"Tuesday, 5 September",In stock,-
Visit the Kadence Store,"Kadence rosewood Guitar Frontier Series, Electric Acoustic Black Guitar With EQ, Die Cast Keys, Set Of Strings, Strap, Picks And Bag (Black EQ, Electric Acoustic)","₹4,999",7 days Replacement,"Wednesday, 6 September",In stock,-
Visit the JUAREZ Store,"Juarez Lindenwood Acoustic Guitar Kit, 38 Inches Cutaway, 38C With Bag, Strings, Pick And Strap, 3TS Sunburst","₹1,999",-,"Wednesday, 6 September",In stock,-
Visit the Intern Store,Intern INT-38C Acoustic Guitar Kit (Blue),"₹2,299",7 days Replacement,"Tuesday, 5 September",In stock,-
Visit the JUAREZ Store,"Juarez Lindenwood Acoustic Guitar Kit, 38 Inches Cutaway, 38C With Bag, Strings, Pick And Strap, TBS Transparent (Blue Sunburst)","₹1,999",-,"Tuesday, 5 September",In stock,-
Visit the JUAREZ Store,"Juarez JRZ-ST01 38 Inches Wood 6-String Electric Guitar, Right Handed, Full Black, With Case/Bag And Picks (Black)","₹5,299",-,"Tuesday, 5 September",In stock,-
Visit the JUAREZ Store,"Juarez Lindenwood Acoustic Guitar, 38 Inches Curved Body Cutaway, 38CUR With Bag, Strings, Pick And Strap (Black)","₹2,439",-,"Tuesday, 5 September",In stock,-
Visit the YAMAHA Store,Yamaha FSX80C Semi acoustic cutaway guitar (natural),"₹12,490",-,"Thursday, 7 September",-,-
,Vault EA40TBK 41 inch Premium Solid Spruce-Top Cutaway Acoustic Guitar (Black),"₹7,499",7 days Replacement,"Tuesday, 5 September",In stock,-
,"Vault DA20 Dreadnought Acoustic Guitar With Gig-Bag, Picks, Strings Set, String Winder, Strap, Polishing Cloth And Allen Key","₹4,899",7 days Replacement,"Tuesday, 5 September",In stock,-
Brand: Medellin,"Medellin Acoustic Guitar (with guitar learning course) Neon Orange (Combo, Strings,Bag,Picks and guitar course)","₹2,499",7 days Replacement,"Friday, 8 September",In stock,-
,"Kadence Frontier guitar with Online Guitar learning course , Wine Red Acoustic Guitar with Die Cast Keys, Set of Strings, Strap, Picks and Bag (Wine Red, Acoustic)","₹4,999",7 days Replacement,"Tuesday, 5 September",In stock,-
Visit the MUSTANG Store,Mustang Combo Offer Tuner+Capo+Straps,₹765,-,"Thursday, 7 September",In stock,-
Visit the YAMAHA Store,YAMAHA FS80C NATURAL CONCERT CUTAWAY GUITAR,"₹8,091",7 days Replacement,"Thursday, 7 September",In stock,-
Visit the Kadence Store,"Kadence Slowhand Premium Jumbo Semi Acoustic Guitar with Heavy Padded Bag, guitar cable, Pro Capo (Black Spruce Wood)","₹11,999",7 days Replacement,"Wednesday, 6 September",In stock,-
Visit the JUAREZ Store,"Juarez JRZ-ST02 6-String 38 Inches Wood Electric Guitar, Right Handed, Red With Case/Bag And Picks","₹5,749",-,"Tuesday, 5 September",In stock,-
,"Medellin 38"" Acoustic Guitar premium wood with adjustable Truss-rod, free online learning course, Set Of Strings, Strap, Bag and 3 Picks (black)","₹2,649",7 days Replacement,"Wednesday, 6 September",In stock,-
,"Vault EA20 Guitar Kit with Learn to Play Ebook, Bag, Strings, Straps, Picks, String winder & Polishing Cloth - 40 inch Cutaway Acoustic Guitar Black","₹4,899",7 days Replacement,"Tuesday, 5 September",In stock,-
,"Kadence Guitar Acoustica Series, Electric Acoustic Guitar, Ash Wood with Pickup and Inbuilt tuner (Ash Wood, Electro Acoustic) with bag.","₹6,999",7 days Replacement,"Wednesday, 6 September",In stock,-
Visit the Intern Store,"Intern INT-38C-BK-G Cutaway Right Handed Acoustic Guitar Kit, with Bag, Nickel Strings, Pick And Strap (Black) -6 Strings","₹2,019",7 days Replacement,"Tuesday, 5 September",In stock,-
Visit the Kadence Store,"Kadence A281 Professional Acoustic Rosewood guitar (Natural, Beige)","₹6,499",7 days Replacement,"Wednesday, 6 September",In stock,-
Brand: HOVNER,"Hovner 215 Green F-Cut Rosewood Fretboard Acoustic Guitar With Bag,Strap,1 Set of Extra Strings and 2 Picks V3","₹4,480",7 days Replacement,"Thursday, 7 September",In stock,-
,Kadence GenZ Guitar (with Guitar learning course) Acoustic Guitar with Die Cast Keys and Bag (Lavender),"₹6,299",7 days Replacement,"Wednesday, 6 September",In stock,-
Visit the JUAREZ Store,"Juârez Acoustic Guitar, 38 Inch Cutaway, JRZ38CT, Hippie Funky Design, with Bag, Picks, Strap & Extra String set","₹2,489",-,"Tuesday, 5 September",In stock,-
,"Vault Traveller 34 Inch Acoustic Guitar With Truss Rod, Gig-Bag, Strap, Strings, Polishing Cloth, String Winder, Picks & E-Book - Natural Gloss","₹4,299",7 days Replacement,"Tuesday, 5 September",In stock,-
,"Kadence Frontier Semi Acoustic Jumbo Guitar 41"" with Learning Course, Die cast keys with Super Combo (Bag,strap,strings,capo And 3 picks) (Black, Electric Acoustic)","₹6,899",7 days Replacement,"Wednesday, 6 September",In stock,-
Visit the YAMAHA Store,YAMAHA FX280 Natural Electro Acoustic Guitar,"₹10,679",-,"Wednesday, 6 September",In stock,-
Visit the Pluto Store,Pluto HW39C-201 39-inch Cutaway Acoustic Guitar (Natural),"₹4,901
15",-,"Tuesday, 5 September",In stock,-
Visit the Intern Store,"Intern INT-38C-SB-G Linden Wood Cutaway Right Handed Acoustic Guitar Kit, With Bag, Strings, Pick And Strap (Sunburst, 6 Strings)","₹2,199",7 days Replacement,"Tuesday, 5 September",In stock,-
Brand: Medellin,"Medellin Acoustic Guitar + (Free online learning Course) Neon Green with Strings,Bag,Picks and guitar strap.","₹2,499",7 days Replacement,"Wednesday, 6 September",In stock,-
Visit the YAMAHA Store,Yamaha FX280 Tobacco Brown Sunburst Electro Acoustic Guitar,"₹10,999",-,"Thursday, 7 September",-,-
Visit the JUAREZ Store,"JUAREZ Arpeggio Guitar JRA41MAH, mahogany","₹6,359",-,"Tuesday, 5 September",In stock,-
,Fender Acoustic Guitar Dreadnought CD60 V3 Black 970110506,"₹12,950",7 days Replacement,"Tuesday, 5 September",In stock,-
Visit the YAMAHA Store,"Yamaha F370 Acoustic Guitar, Natural","₹13,133",-,"Monday, 11 September",-,-
Brand: AUREUS,AUREUS 4 String Acoustic Guitar Musical Instrument Educational Small Guitar for Beginners Kids Children,₹999,-,"Thursday, 7 September",In stock,-
,"Blueberry B-D38, 38"" Acoustic Guitar Kit Inbuilt Truss Rod with Bag, Strap, One Pack Strings And Picks (Black)","₹2,795",7 days Replacement,"Thursday, 7 September",In stock,-
,"Vault DA20 Dreadnought Acoustic Guitar With Gig-Bag, Picks, Strings Set, String Winder, Strap, Polishing Cloth And Allen Key","₹4,899",7 days Replacement,"Tuesday, 5 September",In stock,-
Visit the JUAREZ Store,"JUAREZ JRZ38C 38 Inches Lindenwood Right Handed Acoustic Guitar With Bag, Strings, Pick And Strap (Natural, Brown, 6 Strings)","₹2,649",7 days Replacement,"Tuesday, 5 September",In stock,-
Visit the YAMAHA Store,Yamaha 22.8 Inches Merantiwood Classical Guitar C40//02 (Brown),"₹7,600",7 days Replacement,"Wednesday, 6 September",In stock,-
Visit the Intern Store,"INTERN Cutaway Design Acoustic Guitar Pack -Humidity Proof, Bend resistant, Durable Action, Natural tone & resonance. Natural Carbon Fibre/Fiber Guitar with Bag, Strap, Strings set & Plectrums.","₹2,499",7 days Replacement,"Tuesday, 5 September",In stock,-
Visit the Kadence Store,"Kadence Frontier 34inch guitar for Kids, Travel Guitar for Adult Acoustic Guitar with Die Cast Keys, Set of Strings, Strap, Picks and Bag (Sunburst Guitar)","₹2,999",7 days Replacement,"Wednesday, 6 September",In stock,-
Brand: Ibanez,"Ibanez MD39C-NT Rose Wood Acoustic Guitar (Natural), Designed in Japan and Made Specially for India","₹7,249",-,"Tuesday, 5 September",In stock,-
Visit the Kadence Store,"Kadence Guitar Acoustica Series A05, Electric Acoustic Guitar, Zebra Wood with Pickup, Inbuilt tuner and Bag (Zebra Wood, Electro Acoustic)","₹7,399",7 days Replacement,"Wednesday, 6 September",In stock,-
Visit the Kadence Store,Kadence A281BK Professional Acoustic Rosewood Guitar (Black),"₹6,599",7 days Replacement,"Wednesday, 6 September",In stock,-
Visit the MUSTANG Store,Tagima Junior 30 Inch Acoustic Guitar for Kids RED,"₹1,290",-,"Thursday, 7 September",In stock,-
Visit the blueberry Store,"Blueberry, VIP-400, 40Inch TrussRod Acoustic Guitar With 1 Bag, 1 Belt, 1 String Set And 2 Picks","₹4,590",7 days Replacement,"Thursday, 7 September",In stock,-
Visit the WOODEN ART STUDIO Store,Wooden Art Studio Acoustic Guitar Multi Layer Mandala | 600 x 455 MM,"₹20,999",-,"Friday, 8 September",In stock,-
Brand: musicalworks.in,"Musical Works Guitar, Acoustic Guitar, 40 Inch Cutaway, 038K with Bag, Strings, Pick and Strap, White mat Colour Acoustic Guitar Cutaway 40 inch Full-size Beginner Guitar Package with Die Cast Keys, Set of Strings, Strap, Picks and Bag (white maat, Acoustic) with Gig Bag, Tuner, Picks and Strap (Natural Bundle),","₹5,782",-,"Friday, 8 September",In stock,-
Brand: PS Signature,"PS Signature Acoustic Guitar Black Matte (Free 1 set Strings, 3 Picks, Bag & Belt)","₹2,999",-,"Friday, 8 September",In stock,-
Visit the Kadence Store,"Kadence rosewood Guitar Frontier Series, Electric Acoustic Black Guitar With EQ, Die Cast Keys, Set Of Strings, Strap, Picks And Bag (Black EQ, Electric Acoustic)","₹4,999",7 days Replacement,"Wednesday, 6 September",In stock,-
Visit the Kadence Store,"Kadence Slowhand Premium Jumbo Semi Acoustic Guitar with Heavy Padded Bag, guitar cable, Pro Capo (Black Spruce Wood)","₹11,999",7 days Replacement,"Wednesday, 6 September",In stock,-
Visit the Kadence Store,"Kadence A281 Professional Acoustic Rosewood guitar (Natural, Beige)","₹6,499",7 days Replacement,"Wednesday, 6 September",In stock,-
Visit the Kadence Store,Kadence A281BK Professional Acoustic Rosewood Guitar (Black),"₹6,599",7 days Replacement,"Wednesday, 6 September",In stock,-
,"Juârez Acoustic Guitar, 38 Inch Cutaway, 038C with Bag, Strings, Pick and Strap, Black","₹1,999",7 days Replacement,"Tuesday, 5 September",In stock,-
Visit the YAMAHA Store,"Yamaha F280 Acoustic Rosewood Guitar (Natural, Beige)","₹7,399",7 days Replacement,"Tuesday, 5 September",In stock,-
Visit the Intern Store,"Intern INT-38C Right hand Acoustic Guitar Kit, With Bag, Strings, Pick And Strap, Black, small","₹1,899",7 days Replacement,"Tuesday, 5 September",In stock,-
,"Kadence Guitar Acoustica Series, Electric Acoustic Guitar, Ash Wood with Pickup and Inbuilt tuner (Ash Wood, Electro Acoustic) with bag.","₹6,999",7 days Replacement,"Wednesday, 6 September",In stock,-
,Revel 38 Inches Lindenwood Cutaway Design Acoustic Guitar With Carry Bag And Plectrums. (sunburst),"₹2,049",7 days Replacement,"Tuesday, 5 September",In stock,-
,"Henrix 38C 38 Inch Cutaway Acoustic Guitar With Dual Action Truss Rod, Gigbag, Picks, String Set, String Winder, Strap, Polishing Cloth & Ebook - Black","₹2,999",7 days Replacement,"Tuesday, 5 September",In stock,-
,Intern 38C Ebony Wood Cutaway Design Acoustic Guitar with Picks And Carry Bag (Black),"₹2,089",7 days Replacement,"Tuesday, 5 September",In stock,-
,"Kadence Frontier guitar with Online Guitar learning course , Wine Red Acoustic Guitar with Die Cast Keys, Set of Strings, Strap, Picks and Bag (Wine Red, Acoustic)","₹4,999",7 days Replacement,"Tuesday, 5 September",In stock,-
,"Intern 38C Acoustic Steel-string Guitar Premium White Cutaway Design with carry bag, strings, guitar strap and plectrums (INT-38C-WH)","₹2,149",7 days Replacement,"Tuesday, 5 September",In stock,-
Visit the Kadence Store,"Kadence rosewood Guitar Frontier Series, Electric Acoustic Black Guitar With EQ, Die Cast Keys, Set Of Strings, Strap, Picks And Bag (Black EQ, Electric Acoustic)","₹4,999",7 days Replacement,"Wednesday, 6 September",In stock,-
Visit the JUAREZ Store,"Juarez Lindenwood Acoustic Guitar Kit, 38 Inches Cutaway, 38C With Bag, Strings, Pick And Strap, 3TS Sunburst","₹1,999",-,"Wednesday, 6 September",In stock,-
Visit the Intern Store,Intern INT-38C Acoustic Guitar Kit (Blue),"₹2,299",7 days Replacement,"Tuesday, 5 September",In stock,-
Visit the JUAREZ Store,"Juarez Lindenwood Acoustic Guitar Kit, 38 Inches Cutaway, 38C With Bag, Strings, Pick And Strap, TBS Transparent (Blue Sunburst)","₹1,999",-,"Tuesday, 5 September",In stock,-
Visit the JUAREZ Store,"Juarez JRZ-ST01 38 Inches Wood 6-String Electric Guitar, Right Handed, Full Black, With Case/Bag And Picks (Black)","₹5,299",-,"Tuesday, 5 September",In stock,-
Visit the JUAREZ Store,"Juarez Lindenwood Acoustic Guitar, 38 Inches Curved Body Cutaway, 38CUR With Bag, Strings, Pick And Strap (Black)","₹2,439",-,"Tuesday, 5 September",In stock,-
Visit the YAMAHA Store,Yamaha FSX80C Semi acoustic cutaway guitar (natural),"₹12,490",-,"Thursday, 7 September",-,-
,Vault EA40TBK 41 inch Premium Solid Spruce-Top Cutaway Acoustic Guitar (Black),"₹7,499",7 days Replacement,"Tuesday, 5 September",In stock,-
,"Vault DA20 Dreadnought Acoustic Guitar With Gig-Bag, Picks, Strings Set, String Winder, Strap, Polishing Cloth And Allen Key","₹4,899",7 days Replacement,"Tuesday, 5 September",In stock,-
Brand: Medellin,"Medellin Acoustic Guitar (with guitar learning course) Neon Orange (Combo, Strings,Bag,Picks and guitar course)","₹2,499",7 days Replacement,"Friday, 8 September",In stock,-
,"Kadence Frontier guitar with Online Guitar learning course , Wine Red Acoustic Guitar with Die Cast Keys, Set of Strings, Strap, Picks and Bag (Wine Red, Acoustic)","₹4,999",7 days Replacement,"Tuesday, 5 September",In stock,-
Visit the MUSTANG Store,Mustang Combo Offer Tuner+Capo+Straps,₹765,-,"Thursday, 7 September",In stock,-
Visit the YAMAHA Store,YAMAHA FS80C NATURAL CONCERT CUTAWAY GUITAR,"₹8,091",7 days Replacement,"Thursday, 7 September",In stock,-
Visit the Kadence Store,"Kadence Slowhand Premium Jumbo Semi Acoustic Guitar with Heavy Padded Bag, guitar cable, Pro Capo (Black Spruce Wood)","₹11,999",7 days Replacement,"Wednesday, 6 September",In stock,-
Visit the JUAREZ Store,"Juarez JRZ-ST02 6-String 38 Inches Wood Electric Guitar, Right Handed, Red With Case/Bag And Picks","₹5,749",-,"Tuesday, 5 September",In stock,-
,"Medellin 38"" Acoustic Guitar premium wood with adjustable Truss-rod, free online learning course, Set Of Strings, Strap, Bag and 3 Picks (black)","₹2,649",7 days Replacement,"Wednesday, 6 September",In stock,-
,"Vault EA20 Guitar Kit with Learn to Play Ebook, Bag, Strings, Straps, Picks, String winder & Polishing Cloth - 40 inch Cutaway Acoustic Guitar Black","₹4,899",7 days Replacement,"Tuesday, 5 September",In stock,-
,"Kadence Guitar Acoustica Series, Electric Acoustic Guitar, Ash Wood with Pickup and Inbuilt tuner (Ash Wood, Electro Acoustic) with bag.","₹6,999",7 days Replacement,"Wednesday, 6 September",In stock,-
Visit the Intern Store,"Intern INT-38C-BK-G Cutaway Right Handed Acoustic Guitar Kit, with Bag, Nickel Strings, Pick And Strap (Black) -6 Strings","₹2,019",7 days Replacement,"Tuesday, 5 September",In stock,-
Visit the Kadence Store,"Kadence A281 Professional Acoustic Rosewood guitar (Natural, Beige)","₹6,499",7 days Replacement,"Wednesday, 6 September",In stock,-
Brand: HOVNER,"Hovner 215 Green F-Cut Rosewood Fretboard Acoustic Guitar With Bag,Strap,1 Set of Extra Strings and 2 Picks V3","₹4,480",7 days Replacement,"Monday, 11 September",In stock,-
,Kadence GenZ Guitar (with Guitar learning course) Acoustic Guitar with Die Cast Keys and Bag (Lavender),"₹6,299",7 days Replacement,"Wednesday, 6 September",In stock,-
Visit the JUAREZ Store,"Juârez Acoustic Guitar, 38 Inch Cutaway, JRZ38CT, Hippie Funky Design, with Bag, Picks, Strap & Extra String set","₹2,489",-,"Tuesday, 5 September",In stock,-
,"Vault Traveller 34 Inch Acoustic Guitar With Truss Rod, Gig-Bag, Strap, Strings, Polishing Cloth, String Winder, Picks & E-Book - Natural Gloss","₹4,299",7 days Replacement,"Tuesday, 5 September",In stock,-
,"Kadence Frontier Semi Acoustic Jumbo Guitar 41"" with Learning Course, Die cast keys with Super Combo (Bag,strap,strings,capo And 3 picks) (Black, Electric Acoustic)","₹6,899",7 days Replacement,"Wednesday, 6 September",In stock,-
Visit the YAMAHA Store,YAMAHA FX280 Natural Electro Acoustic Guitar,"₹10,679",-,"Wednesday, 6 September",In stock,-
Visit the Pluto Store,Pluto HW39C-201 39-inch Cutaway Acoustic Guitar (Natural),"₹4,901
15",-,"Tuesday, 5 September",In stock,-
Visit the Intern Store,"Intern INT-38C-SB-G Linden Wood Cutaway Right Handed Acoustic Guitar Kit, With Bag, Strings, Pick And Strap (Sunburst, 6 Strings)","₹2,199",7 days Replacement,"Tuesday, 5 September",In stock,-
Brand: Medellin,"Medellin Acoustic Guitar + (Free online learning Course) Neon Green with Strings,Bag,Picks and guitar strap.","₹2,499",7 days Replacement,"Wednesday, 6 September",In stock,-
Visit the YAMAHA Store,Yamaha FX280 Tobacco Brown Sunburst Electro Acoustic Guitar,"₹10,999",-,"Thursday, 7 September",-,-
Visit the JUAREZ Store,"JUAREZ Arpeggio Guitar JRA41MAH, mahogany","₹6,359",-,"Tuesday, 5 September",In stock,-
,Fender Acoustic Guitar Dreadnought CD60 V3 Black 970110506,"₹12,950",7 days Replacement,"Tuesday, 5 September",In stock,-
Visit the YAMAHA Store,"Yamaha F370 Acoustic Guitar, Natural","₹13,133",-,"Monday, 11 September",-,-
Brand: AUREUS,AUREUS 4 String Acoustic Guitar Musical Instrument Educational Small Guitar for Beginners Kids Children,₹999,-,"Thursday, 7 September",In stock,-
,"Blueberry B-D38, 38"" Acoustic Guitar Kit Inbuilt Truss Rod with Bag, Strap, One Pack Strings And Picks (Black)","₹2,795",7 days Replacement,"Thursday, 7 September",In stock,-
,"Vault DA20 Dreadnought Acoustic Guitar With Gig-Bag, Picks, Strings Set, String Winder, Strap, Polishing Cloth And Allen Key","₹4,899",7 days Replacement,"Tuesday, 5 September",In stock,-
Visit the JUAREZ Store,"JUAREZ JRZ38C 38 Inches Lindenwood Right Handed Acoustic Guitar With Bag, Strings, Pick And Strap (Natural, Brown, 6 Strings)","₹2,649",7 days Replacement,"Tuesday, 5 September",In stock,-
Visit the YAMAHA Store,Yamaha 22.8 Inches Merantiwood Classical Guitar C40//02 (Brown),"₹7,600",7 days Replacement,"Wednesday, 6 September",In stock,-
Visit the Intern Store,"INTERN Cutaway Design Acoustic Guitar Pack -Humidity Proof, Bend resistant, Durable Action, Natural tone & resonance. Natural Carbon Fibre/Fiber Guitar with Bag, Strap, Strings set & Plectrums.","₹2,499",7 days Replacement,"Tuesday, 5 September",In stock,-
Visit the Kadence Store,"Kadence Frontier 34inch guitar for Kids, Travel Guitar for Adult Acoustic Guitar with Die Cast Keys, Set of Strings, Strap, Picks and Bag (Sunburst Guitar)","₹2,999",7 days Replacement,"Wednesday, 6 September",In stock,-
Brand: Ibanez,"Ibanez MD39C-NT Rose Wood Acoustic Guitar (Natural), Designed in Japan and Made Specially for India","₹7,249",-,"Tuesday, 5 September",In stock,-
Visit the Kadence Store,"Kadence Guitar Acoustica Series A05, Electric Acoustic Guitar, Zebra Wood with Pickup, Inbuilt tuner and Bag (Zebra Wood, Electro Acoustic)","₹7,399",7 days Replacement,"Wednesday, 6 September",In stock,-
Visit the Kadence Store,Kadence A281BK Professional Acoustic Rosewood Guitar (Black),"₹6,599",7 days Replacement,"Wednesday, 6 September",In stock,-
Visit the MUSTANG Store,Tagima Junior 30 Inch Acoustic Guitar for Kids RED,"₹1,290",-,"Thursday, 7 September",In stock,-
Visit the blueberry Store,"Blueberry, VIP-400, 40Inch TrussRod Acoustic Guitar With 1 Bag, 1 Belt, 1 String Set And 2 Picks","₹4,590",7 days Replacement,"Thursday, 7 September",In stock,-
Visit the WOODEN ART STUDIO Store,Wooden Art Studio Acoustic Guitar Multi Layer Mandala | 600 x 455 MM,"₹20,999",-,"Friday, 8 September",In stock,-
Brand: musicalworks.in,"Musical Works Guitar, Acoustic Guitar, 40 Inch Cutaway, 038K with Bag, Strings, Pick and Strap, White mat Colour Acoustic Guitar Cutaway 40 inch Full-size Beginner Guitar Package with Die Cast Keys, Set of Strings, Strap, Picks and Bag (white maat, Acoustic) with Gig Bag, Tuner, Picks and Strap (Natural Bundle),","₹5,782",-,"Friday, 8 September",In stock,-
Brand: PS Signature,"PS Signature Acoustic Guitar Black Matte (Free 1 set Strings, 3 Picks, Bag & Belt)","₹2,999",-,"Friday, 8 September",In stock,-
Visit the Kadence Store,"Kadence rosewood Guitar Frontier Series, Electric Acoustic Black Guitar With EQ, Die Cast Keys, Set Of Strings, Strap, Picks And Bag (Black EQ, Electric Acoustic)","₹4,999",7 days Replacement,"Wednesday, 6 September",In stock,-
Visit the Kadence Store,"Kadence Slowhand Premium Jumbo Semi Acoustic Guitar with Heavy Padded Bag, guitar cable, Pro Capo (Black Spruce Wood)","₹11,999",7 days Replacement,"Wednesday, 6 September",In stock,-
Visit the Kadence Store,"Kadence A281 Professional Acoustic Rosewood guitar (Natural, Beige)","₹6,499",7 days Replacement,"Wednesday, 6 September",In stock,-
Visit the Kadence Store,Kadence A281BK Professional Acoustic Rosewood Guitar (Black),"₹6,599",7 days Replacement,"Wednesday, 6 September",In stock,-
,"Juârez Acoustic Guitar, 38 Inch Cutaway, 038C with Bag, Strings, Pick and Strap, Black","₹1,999",7 days Replacement,"Tuesday, 5 September",In stock,-
Visit the YAMAHA Store,"Yamaha F280 Acoustic Rosewood Guitar (Natural, Beige)","₹7,399",7 days Replacement,"Tuesday, 5 September",In stock,-
Visit the Intern Store,"Intern INT-38C Right hand Acoustic Guitar Kit, With Bag, Strings, Pick And Strap, Black, small","₹1,899",7 days Replacement,"Tuesday, 5 September",In stock,-
,"Kadence Guitar Acoustica Series, Electric Acoustic Guitar, Ash Wood with Pickup and Inbuilt tuner (Ash Wood, Electro Acoustic) with bag.","₹6,999",7 days Replacement,"Wednesday, 6 September",In stock,-
,Revel 38 Inches Lindenwood Cutaway Design Acoustic Guitar With Carry Bag And Plectrums. (sunburst),"₹2,049",7 days Replacement,"Tuesday, 5 September",In stock,-
,"Henrix 38C 38 Inch Cutaway Acoustic Guitar With Dual Action Truss Rod, Gigbag, Picks, String Set, String Winder, Strap, Polishing Cloth & Ebook - Black","₹2,999",7 days Replacement,"Tuesday, 5 September",In stock,-
,Intern 38C Ebony Wood Cutaway Design Acoustic Guitar with Picks And Carry Bag (Black),"₹2,089",7 days Replacement,"Tuesday, 5 September",In stock,-
,"Kadence Frontier guitar with Online Guitar learning course , Wine Red Acoustic Guitar with Die Cast Keys, Set of Strings, Strap, Picks and Bag (Wine Red, Acoustic)","₹4,999",7 days Replacement,"Tuesday, 5 September",In stock,-
,"Intern 38C Acoustic Steel-string Guitar Premium White Cutaway Design with carry bag, strings, guitar strap and plectrums (INT-38C-WH)","₹2,149",7 days Replacement,"Tuesday, 5 September",In stock,-
Visit the Kadence Store,"Kadence rosewood Guitar Frontier Series, Electric Acoustic Black Guitar With EQ, Die Cast Keys, Set Of Strings, Strap, Picks And Bag (Black EQ, Electric Acoustic)","₹4,999",7 days Replacement,"Wednesday, 6 September",In stock,-
Visit the JUAREZ Store,"Juarez Lindenwood Acoustic Guitar Kit, 38 Inches Cutaway, 38C With Bag, Strings, Pick And Strap, 3TS Sunburst","₹1,999",-,"Wednesday, 6 September",In stock,-
Visit the Intern Store,Intern INT-38C Acoustic Guitar Kit (Blue),"₹2,299",7 days Replacement,"Tuesday, 5 September",In stock,-
Visit the JUAREZ Store,"Juarez Lindenwood Acoustic Guitar Kit, 38 Inches Cutaway, 38C With Bag, Strings, Pick And Strap, TBS Transparent (Blue Sunburst)","₹1,999",-,"Tuesday, 5 September",In stock,-
Visit the JUAREZ Store,"Juarez JRZ-ST01 38 Inches Wood 6-String Electric Guitar, Right Handed, Full Black, With Case/Bag And Picks (Black)","₹5,299",-,"Tuesday, 5 September",In stock,-
Visit the JUAREZ Store,"Juarez Lindenwood Acoustic Guitar, 38 Inches Curved Body Cutaway, 38CUR With Bag, Strings, Pick And Strap (Black)","₹2,439",-,"Tuesday, 5 September",In stock,-
Visit the YAMAHA Store,Yamaha FSX80C Semi acoustic cutaway guitar (natural),"₹12,490",-,"Thursday, 7 September",-,-
,Vault EA40TBK 41 inch Premium Solid Spruce-Top Cutaway Acoustic Guitar (Black),"₹7,499",7 days Replacement,"Tuesday, 5 September",In stock,-
,"Vault DA20 Dreadnought Acoustic Guitar With Gig-Bag, Picks, Strings Set, String Winder, Strap, Polishing Cloth And Allen Key","₹4,899",7 days Replacement,"Tuesday, 5 September",In stock,-
Brand: Medellin,"Medellin Acoustic Guitar (with guitar learning course) Neon Orange (Combo, Strings,Bag,Picks and guitar course)","₹2,499",7 days Replacement,"Friday, 8 September",In stock,-
,"Kadence Frontier guitar with Online Guitar learning course , Wine Red Acoustic Guitar with Die Cast Keys, Set of Strings, Strap, Picks and Bag (Wine Red, Acoustic)","₹4,999",7 days Replacement,"Tuesday, 5 September",In stock,-
Visit the MUSTANG Store,Mustang Combo Offer Tuner+Capo+Straps,₹765,-,"Thursday, 7 September",In stock,-
Visit the YAMAHA Store,YAMAHA FS80C NATURAL CONCERT CUTAWAY GUITAR,"₹8,091",7 days Replacement,"Thursday, 7 September",In stock,-
Visit the Kadence Store,"Kadence Slowhand Premium Jumbo Semi Acoustic Guitar with Heavy Padded Bag, guitar cable, Pro Capo (Black Spruce Wood)","₹11,999",7 days Replacement,"Wednesday, 6 September",In stock,-
Visit the JUAREZ Store,"Juarez JRZ-ST02 6-String 38 Inches Wood Electric Guitar, Right Handed, Red With Case/Bag And Picks","₹5,749",-,"Tuesday, 5 September",In stock,-
,"Medellin 38"" Acoustic Guitar premium wood with adjustable Truss-rod, free online learning course, Set Of Strings, Strap, Bag and 3 Picks (black)","₹2,649",7 days Replacement,"Wednesday, 6 September",In stock,-
,"Vault EA20 Guitar Kit with Learn to Play Ebook, Bag, Strings, Straps, Picks, String winder & Polishing Cloth - 40 inch Cutaway Acoustic Guitar Black","₹4,899",7 days Replacement,"Tuesday, 5 September",In stock,-
,"Kadence Guitar Acoustica Series, Electric Acoustic Guitar, Ash Wood with Pickup and Inbuilt tuner (Ash Wood, Electro Acoustic) with bag.","₹6,999",7 days Replacement,"Wednesday, 6 September",In stock,-
Visit the Intern Store,"Intern INT-38C-BK-G Cutaway Right Handed Acoustic Guitar Kit, with Bag, Nickel Strings, Pick And Strap (Black) -6 Strings","₹2,019",7 days Replacement,"Tuesday, 5 September",In stock,-
Visit the Kadence Store,"Kadence A281 Professional Acoustic Rosewood guitar (Natural, Beige)","₹6,499",7 days Replacement,"Wednesday, 6 September",In stock,-
Brand: HOVNER,"Hovner 215 Green F-Cut Rosewood Fretboard Acoustic Guitar With Bag,Strap,1 Set of Extra Strings and 2 Picks V3","₹4,480",7 days Replacement,"Monday, 11 September",In stock,-
,Kadence GenZ Guitar (with Guitar learning course) Acoustic Guitar with Die Cast Keys and Bag (Lavender),"₹6,299",7 days Replacement,"Wednesday, 6 September",In stock,-
Visit the JUAREZ Store,"Juârez Acoustic Guitar, 38 Inch Cutaway, JRZ38CT, Hippie Funky Design, with Bag, Picks, Strap & Extra String set","₹2,489",-,"Tuesday, 5 September",In stock,-
,"Vault Traveller 34 Inch Acoustic Guitar With Truss Rod, Gig-Bag, Strap, Strings, Polishing Cloth, String Winder, Picks & E-Book - Natural Gloss","₹4,299",7 days Replacement,"Tuesday, 5 September",In stock,-
,"Kadence Frontier Semi Acoustic Jumbo Guitar 41"" with Learning Course, Die cast keys with Super Combo (Bag,strap,strings,capo And 3 picks) (Black, Electric Acoustic)","₹6,899",7 days Replacement,"Wednesday, 6 September",In stock,-
Visit the YAMAHA Store,YAMAHA FX280 Natural Electro Acoustic Guitar,"₹10,679",-,"Wednesday, 6 September",In stock,-
Visit the Pluto Store,Pluto HW39C-201 39-inch Cutaway Acoustic Guitar (Natural),"₹4,901
15",-,"Tuesday, 5 September",In stock,-
Visit the Intern Store,"Intern INT-38C-SB-G Linden Wood Cutaway Right Handed Acoustic Guitar Kit, With Bag, Strings, Pick And Strap (Sunburst, 6 Strings)","₹2,199",7 days Replacement,"Tuesday, 5 September",In stock,-
Brand: Medellin,"Medellin Acoustic Guitar + (Free online learning Course) Neon Green with Strings,Bag,Picks and guitar strap.","₹2,499",7 days Replacement,"Wednesday, 6 September",In stock,-
Visit the YAMAHA Store,Yamaha FX280 Tobacco Brown Sunburst Electro Acoustic Guitar,"₹10,999",-,"Thursday, 7 September",-,-
Visit the JUAREZ Store,"JUAREZ Arpeggio Guitar JRA41MAH, mahogany","₹6,359",-,"Tuesday, 5 September",In stock,-
,Fender Acoustic Guitar Dreadnought CD60 V3 Black 970110506,"₹12,950",7 days Replacement,"Tuesday, 5 September",In stock,-
Visit the YAMAHA Store,"Yamaha F370 Acoustic Guitar, Natural","₹13,133",-,"Monday, 11 September",-,-
Brand: AUREUS,AUREUS 4 String Acoustic Guitar Musical Instrument Educational Small Guitar for Beginners Kids Children,₹999,-,"Thursday, 7 September",In stock,-
,"Blueberry B-D38, 38"" Acoustic Guitar Kit Inbuilt Truss Rod with Bag, Strap, One Pack Strings And Picks (Black)","₹2,795",7 days Replacement,"Thursday, 7 September",In stock,-
,"Vault DA20 Dreadnought Acoustic Guitar With Gig-Bag, Picks, Strings Set, String Winder, Strap, Polishing Cloth And Allen Key","₹4,899",7 days Replacement,"Tuesday, 5 September",In stock,-
Visit the JUAREZ Store,"JUAREZ JRZ38C 38 Inches Lindenwood Right Handed Acoustic Guitar With Bag, Strings, Pick And Strap (Natural, Brown, 6 Strings)","₹2,649",7 days Replacement,"Tuesday, 5 September",In stock,-
Visit the YAMAHA Store,Yamaha 22.8 Inches Merantiwood Classical Guitar C40//02 (Brown),"₹7,600",7 days Replacement,"Wednesday, 6 September",In stock,-
Visit the Intern Store,"INTERN Cutaway Design Acoustic Guitar Pack -Humidity Proof, Bend resistant, Durable Action, Natural tone & resonance. Natural Carbon Fibre/Fiber Guitar with Bag, Strap, Strings set & Plectrums.","₹2,499",7 days Replacement,"Tuesday, 5 September",In stock,-
Visit the Kadence Store,"Kadence Frontier 34inch guitar for Kids, Travel Guitar for Adult Acoustic Guitar with Die Cast Keys, Set of Strings, Strap, Picks and Bag (Sunburst Guitar)","₹2,999",7 days Replacement,"Wednesday, 6 September",In stock,-
Brand: Ibanez,"Ibanez MD39C-NT Rose Wood Acoustic Guitar (Natural), Designed in Japan and Made Specially for India","₹7,249",-,"Tuesday, 5 September",In stock,-
Visit the Kadence Store,"Kadence Guitar Acoustica Series A05, Electric Acoustic Guitar, Zebra Wood with Pickup, Inbuilt tuner and Bag (Zebra Wood, Electro Acoustic)","₹7,399",7 days Replacement,"Wednesday, 6 September",In stock,-
Visit the Kadence Store,Kadence A281BK Professional Acoustic Rosewood Guitar (Black),"₹6,599",7 days Replacement,"Wednesday, 6 September",In stock,-
Visit the MUSTANG Store,Tagima Junior 30 Inch Acoustic Guitar for Kids RED,"₹1,290",-,"Thursday, 7 September",In stock,-
Visit the blueberry Store,"Blueberry, VIP-400, 40Inch TrussRod Acoustic Guitar With 1 Bag, 1 Belt, 1 String Set And 2 Picks","₹4,590",7 days Replacement,"Thursday, 7 September",In stock,-
Visit the WOODEN ART STUDIO Store,Wooden Art Studio Acoustic Guitar Multi Layer Mandala | 600 x 455 MM,"₹20,999",-,"Friday, 8 September",In stock,-
Brand: musicalworks.in,"Musical Works Guitar, Acoustic Guitar, 40 Inch Cutaway, 038K with Bag, Strings, Pick and Strap, White mat Colour Acoustic Guitar Cutaway 40 inch Full-size Beginner Guitar Package with Die Cast Keys, Set of Strings, Strap, Picks and Bag (white maat, Acoustic) with Gig Bag, Tuner, Picks and Strap (Natural Bundle),","₹5,782",-,"Friday, 8 September",In stock,-
Brand: PS Signature,"PS Signature Acoustic Guitar Black Matte (Free 1 set Strings, 3 Picks, Bag & Belt)","₹2,999",-,"Friday, 8 September",In stock,-
